Rpeaks,Participant
593,MIT-Arr_00
1529,MIT-Arr_00
2432,MIT-Arr_00
2960,MIT-Arr_00
3205,MIT-Arr_00
3466,MIT-Arr_00
3716,MIT-Arr_00
3975,MIT-Arr_00
4204,MIT-Arr_00
4497,MIT-Arr_00
4756,MIT-Arr_00
543,MIT-Arr_01
4690,MIT-Arr_01
340,MIT-Arr_02
599,MIT-Arr_02
857,MIT-Arr_02
1117,MIT-Arr_02
1379,MIT-Arr_02
1634,MIT-Arr_02
1892,MIT-Arr_02
2155,MIT-Arr_02
2414,MIT-Arr_02
2672,MIT-Arr_02
2927,MIT-Arr_02
3184,MIT-Arr_02
3444,MIT-Arr_02
3703,MIT-Arr_02
3969,MIT-Arr_02
4225,MIT-Arr_02
4483,MIT-Arr_02
4748,MIT-Arr_02
142,MIT-Arr_03
384,MIT-Arr_03
621,MIT-Arr_03
863,MIT-Arr_03
1106,MIT-Arr_03
1339,MIT-Arr_03
1566,MIT-Arr_03
1789,MIT-Arr_03
2018,MIT-Arr_03
2248,MIT-Arr_03
2482,MIT-Arr_03
2726,MIT-Arr_03
2970,MIT-Arr_03
3217,MIT-Arr_03
3461,MIT-Arr_03
3706,MIT-Arr_03
3937,MIT-Arr_03
4163,MIT-Arr_03
4394,MIT-Arr_03
4631,MIT-Arr_03
4881,MIT-Arr_03
227,MIT-Arr_04
540,MIT-Arr_04
828,MIT-Arr_04
1134,MIT-Arr_04
1434,MIT-Arr_04
1746,MIT-Arr_04
2021,MIT-Arr_04
2335,MIT-Arr_04
2646,MIT-Arr_04
2952,MIT-Arr_04
3246,MIT-Arr_04
3552,MIT-Arr_04
3821,MIT-Arr_04
4092,MIT-Arr_04
4422,MIT-Arr_04
4716,MIT-Arr_04
314,MIT-Arr_05
603,MIT-Arr_05
885,MIT-Arr_05
1177,MIT-Arr_05
1492,MIT-Arr_05
1789,MIT-Arr_05
2078,MIT-Arr_05
2364,MIT-Arr_05
2655,MIT-Arr_05
2936,MIT-Arr_05
3222,MIT-Arr_05
3539,MIT-Arr_05
3841,MIT-Arr_05
4130,MIT-Arr_05
4417,MIT-Arr_05
4703,MIT-Arr_05
295,MIT-Arr_06
609,MIT-Arr_06
920,MIT-Arr_06
1218,MIT-Arr_06
1519,MIT-Arr_06
1819,MIT-Arr_06
2125,MIT-Arr_06
2443,MIT-Arr_06
2754,MIT-Arr_06
3067,MIT-Arr_06
3367,MIT-Arr_06
3657,MIT-Arr_06
3956,MIT-Arr_06
4273,MIT-Arr_06
4590,MIT-Arr_06
4901,MIT-Arr_06
294,MIT-Arr_07
631,MIT-Arr_07
963,MIT-Arr_07
1327,MIT-Arr_07
1686,MIT-Arr_07
2035,MIT-Arr_07
2377,MIT-Arr_07
2720,MIT-Arr_07
3059,MIT-Arr_07
3412,MIT-Arr_07
3775,MIT-Arr_07
4131,MIT-Arr_07
4487,MIT-Arr_07
4823,MIT-Arr_07
360,MIT-Arr_08
657,MIT-Arr_08
955,MIT-Arr_08
1254,MIT-Arr_08
1536,MIT-Arr_08
1816,MIT-Arr_08
2103,MIT-Arr_08
2402,MIT-Arr_08
2728,MIT-Arr_08
3057,MIT-Arr_08
3364,MIT-Arr_08
3658,MIT-Arr_08
3960,MIT-Arr_08
4270,MIT-Arr_08
4579,MIT-Arr_08
4904,MIT-Arr_08
221,MIT-Arr_09
438,MIT-Arr_09
605,MIT-Arr_09
864,MIT-Arr_09
1081,MIT-Arr_09
1298,MIT-Arr_09
1468,MIT-Arr_09
1733,MIT-Arr_09
1951,MIT-Arr_09
2160,MIT-Arr_09
2333,MIT-Arr_09
2595,MIT-Arr_09
2808,MIT-Arr_09
3015,MIT-Arr_09
3183,MIT-Arr_09
3438,MIT-Arr_09
3651,MIT-Arr_09
3864,MIT-Arr_09
4038,MIT-Arr_09
4291,MIT-Arr_09
4505,MIT-Arr_09
4717,MIT-Arr_09
4893,MIT-Arr_09
301,MIT-Arr_10
589,MIT-Arr_10
882,MIT-Arr_10
1178,MIT-Arr_10
1465,MIT-Arr_10
1745,MIT-Arr_10
2026,MIT-Arr_10
2319,MIT-Arr_10
2610,MIT-Arr_10
2899,MIT-Arr_10
3190,MIT-Arr_10
3492,MIT-Arr_10
3777,MIT-Arr_10
4062,MIT-Arr_10
4342,MIT-Arr_10
4610,MIT-Arr_10
4870,MIT-Arr_10
158,MIT-Arr_11
313,MIT-Arr_11
517,MIT-Arr_11
798,MIT-Arr_11
1102,MIT-Arr_11
1295,MIT-Arr_11
1431,MIT-Arr_11
1759,MIT-Arr_11
2042,MIT-Arr_11
2185,MIT-Arr_11
2339,MIT-Arr_11
2570,MIT-Arr_11
2812,MIT-Arr_11
3219,MIT-Arr_11
3390,MIT-Arr_11
3547,MIT-Arr_11
3865,MIT-Arr_11
4172,MIT-Arr_11
4442,MIT-Arr_11
4733,MIT-Arr_11
279,MIT-Arr_12
604,MIT-Arr_12
939,MIT-Arr_12
1264,MIT-Arr_12
1591,MIT-Arr_12
1913,MIT-Arr_12
2233,MIT-Arr_12
2542,MIT-Arr_12
2871,MIT-Arr_12
3205,MIT-Arr_12
3541,MIT-Arr_12
3872,MIT-Arr_12
4189,MIT-Arr_12
4497,MIT-Arr_12
4796,MIT-Arr_12
293,MIT-Arr_13
589,MIT-Arr_13
895,MIT-Arr_13
1199,MIT-Arr_13
1499,MIT-Arr_13
1810,MIT-Arr_13
2117,MIT-Arr_13
2410,MIT-Arr_13
2711,MIT-Arr_13
3014,MIT-Arr_13
3304,MIT-Arr_13
3592,MIT-Arr_13
3894,MIT-Arr_13
4181,MIT-Arr_13
4475,MIT-Arr_13
4780,MIT-Arr_13
440,MIT-Arr_14
683,MIT-Arr_14
946,MIT-Arr_14
1212,MIT-Arr_14
1472,MIT-Arr_14
1740,MIT-Arr_14
2012,MIT-Arr_14
2195,MIT-Arr_14
2539,MIT-Arr_14
2805,MIT-Arr_14
3067,MIT-Arr_14
3330,MIT-Arr_14
3622,MIT-Arr_14
3851,MIT-Arr_14
4116,MIT-Arr_14
4378,MIT-Arr_14
4642,MIT-Arr_14
4819,MIT-Arr_14
347,MIT-Arr_15
631,MIT-Arr_15
919,MIT-Arr_15
1212,MIT-Arr_15
1513,MIT-Arr_15
1819,MIT-Arr_15
2117,MIT-Arr_15
2396,MIT-Arr_15
2679,MIT-Arr_15
2963,MIT-Arr_15
3247,MIT-Arr_15
3559,MIT-Arr_15
3862,MIT-Arr_15
4158,MIT-Arr_15
4455,MIT-Arr_15
4736,MIT-Arr_15
299,MIT-Arr_16
575,MIT-Arr_16
906,MIT-Arr_16
1061,MIT-Arr_16
1468,MIT-Arr_16
1626,MIT-Arr_16
1848,MIT-Arr_16
2086,MIT-Arr_16
2224,MIT-Arr_16
2981,MIT-Arr_16
3155,MIT-Arr_16
3582,MIT-Arr_16
3865,MIT-Arr_16
4376,MIT-Arr_16
4645,MIT-Arr_16
4807,MIT-Arr_16
4961,MIT-Arr_16
253,MIT-Arr_17
465,MIT-Arr_17
744,MIT-Arr_17
959,MIT-Arr_17
1221,MIT-Arr_17
1475,MIT-Arr_17
1727,MIT-Arr_17
2018,MIT-Arr_17
2271,MIT-Arr_17
2525,MIT-Arr_17
2735,MIT-Arr_17
3014,MIT-Arr_17
3226,MIT-Arr_17
3478,MIT-Arr_17
3720,MIT-Arr_17
3972,MIT-Arr_17
4162,MIT-Arr_17
4429,MIT-Arr_17
4606,MIT-Arr_17
4916,MIT-Arr_17
168,MIT-Arr_18
545,MIT-Arr_18
910,MIT-Arr_18
1280,MIT-Arr_18
2026,MIT-Arr_18
2384,MIT-Arr_18
2761,MIT-Arr_18
3121,MIT-Arr_18
3480,MIT-Arr_18
3841,MIT-Arr_18
4199,MIT-Arr_18
4570,MIT-Arr_18
4943,MIT-Arr_18
161,MIT-Arr_19
397,MIT-Arr_19
630,MIT-Arr_19
876,MIT-Arr_19
1124,MIT-Arr_19
1365,MIT-Arr_19
1603,MIT-Arr_19
1844,MIT-Arr_19
2084,MIT-Arr_19
2328,MIT-Arr_19
2577,MIT-Arr_19
2819,MIT-Arr_19
3055,MIT-Arr_19
3302,MIT-Arr_19
3552,MIT-Arr_19
3795,MIT-Arr_19
4035,MIT-Arr_19
4172,MIT-Arr_19
4522,MIT-Arr_19
4769,MIT-Arr_19
271,MIT-Arr_20
630,MIT-Arr_20
880,MIT-Arr_20
1139,MIT-Arr_20
1283,MIT-Arr_20
1603,MIT-Arr_20
1817,MIT-Arr_20
2065,MIT-Arr_20
2207,MIT-Arr_20
2544,MIT-Arr_20
2837,MIT-Arr_20
3099,MIT-Arr_20
3245,MIT-Arr_20
3559,MIT-Arr_20
3785,MIT-Arr_20
4056,MIT-Arr_20
4185,MIT-Arr_20
4545,MIT-Arr_20
4788,MIT-Arr_20
462,MIT-Arr_21
947,MIT-Arr_21
1413,MIT-Arr_21
1826,MIT-Arr_21
2281,MIT-Arr_21
2760,MIT-Arr_21
3193,MIT-Arr_21
3650,MIT-Arr_21
4125,MIT-Arr_21
4561,MIT-Arr_21
4975,MIT-Arr_21
137,MIT-Arr_22
473,MIT-Arr_22
850,MIT-Arr_22
1258,MIT-Arr_22
1639,MIT-Arr_22
2028,MIT-Arr_22
2412,MIT-Arr_22
2796,MIT-Arr_22
3167,MIT-Arr_22
3560,MIT-Arr_22
3956,MIT-Arr_22
4338,MIT-Arr_22
4706,MIT-Arr_22
393,MIT-Arr_23
707,MIT-Arr_23
1011,MIT-Arr_23
1302,MIT-Arr_23
1597,MIT-Arr_23
1887,MIT-Arr_23
2174,MIT-Arr_23
2474,MIT-Arr_23
2782,MIT-Arr_23
3095,MIT-Arr_23
3393,MIT-Arr_23
3678,MIT-Arr_23
3975,MIT-Arr_23
4266,MIT-Arr_23
4559,MIT-Arr_23
4867,MIT-Arr_23
194,MIT-Arr_24
523,MIT-Arr_24
825,MIT-Arr_24
1125,MIT-Arr_24
1425,MIT-Arr_24
1717,MIT-Arr_24
2019,MIT-Arr_24
2325,MIT-Arr_24
2647,MIT-Arr_24
2947,MIT-Arr_24
3253,MIT-Arr_24
3545,MIT-Arr_24
3835,MIT-Arr_24
4124,MIT-Arr_24
4435,MIT-Arr_24
4765,MIT-Arr_24
318,MIT-Arr_25
658,MIT-Arr_25
1020,MIT-Arr_25
1418,MIT-Arr_25
1769,MIT-Arr_25
2133,MIT-Arr_25
2527,MIT-Arr_25
2910,MIT-Arr_25
3270,MIT-Arr_25
3707,MIT-Arr_25
4110,MIT-Arr_25
4473,MIT-Arr_25
4855,MIT-Arr_25
125,MIT-Arr_26
329,MIT-Arr_26
763,MIT-Arr_26
992,MIT-Arr_26
1236,MIT-Arr_26
2688,MIT-Arr_26
3308,MIT-Arr_26
3804,MIT-Arr_26
4293,MIT-Arr_26
4498,MIT-Arr_26
4906,MIT-Arr_26
220,MIT-Arr_27
413,MIT-Arr_27
549,MIT-Arr_27
700,MIT-Arr_27
862,MIT-Arr_27
1041,MIT-Arr_27
1175,MIT-Arr_27
1330,MIT-Arr_27
1479,MIT-Arr_27
1630,MIT-Arr_27
1810,MIT-Arr_27
1936,MIT-Arr_27
2114,MIT-Arr_27
2301,MIT-Arr_27
2460,MIT-Arr_27
2620,MIT-Arr_27
2747,MIT-Arr_27
2902,MIT-Arr_27
3089,MIT-Arr_27
3227,MIT-Arr_27
3382,MIT-Arr_27
3544,MIT-Arr_27
3693,MIT-Arr_27
3870,MIT-Arr_27
4066,MIT-Arr_27
4425,MIT-Arr_27
237,MIT-Arr_28
649,MIT-Arr_28
1067,MIT-Arr_28
1486,MIT-Arr_28
1892,MIT-Arr_28
2319,MIT-Arr_28
2736,MIT-Arr_28
3165,MIT-Arr_28
3602,MIT-Arr_28
4026,MIT-Arr_28
4457,MIT-Arr_28
4878,MIT-Arr_28
316,MIT-Arr_29
603,MIT-Arr_29
905,MIT-Arr_29
1218,MIT-Arr_29
1542,MIT-Arr_29
1844,MIT-Arr_29
2131,MIT-Arr_29
2442,MIT-Arr_29
2776,MIT-Arr_29
3082,MIT-Arr_29
3359,MIT-Arr_29
3668,MIT-Arr_29
3947,MIT-Arr_29
4223,MIT-Arr_29
4350,MIT-Arr_29
4504,MIT-Arr_29
4763,MIT-Arr_29
396,MIT-Arr_30
790,MIT-Arr_30
1068,MIT-Arr_30
1434,MIT-Arr_30
1667,MIT-Arr_30
2101,MIT-Arr_30
2442,MIT-Arr_30
2629,MIT-Arr_30
2790,MIT-Arr_30
3153,MIT-Arr_30
3438,MIT-Arr_30
3780,MIT-Arr_30
4170,MIT-Arr_30
4473,MIT-Arr_30
4818,MIT-Arr_30
136,MIT-Arr_31
357,MIT-Arr_31
579,MIT-Arr_31
816,MIT-Arr_31
1060,MIT-Arr_31
1300,MIT-Arr_31
1552,MIT-Arr_31
1767,MIT-Arr_31
1996,MIT-Arr_31
2218,MIT-Arr_31
2562,MIT-Arr_31
2674,MIT-Arr_31
2837,MIT-Arr_31
3149,MIT-Arr_31
3383,MIT-Arr_31
3628,MIT-Arr_31
3862,MIT-Arr_31
4095,MIT-Arr_31
4317,MIT-Arr_31
4539,MIT-Arr_31
4761,MIT-Arr_31
209,MIT-Arr_32
415,MIT-Arr_32
623,MIT-Arr_32
829,MIT-Arr_32
1030,MIT-Arr_32
1243,MIT-Arr_32
1443,MIT-Arr_32
1643,MIT-Arr_32
1847,MIT-Arr_32
2053,MIT-Arr_32
2260,MIT-Arr_32
2463,MIT-Arr_32
2675,MIT-Arr_32
2877,MIT-Arr_32
3076,MIT-Arr_32
3275,MIT-Arr_32
3486,MIT-Arr_32
3696,MIT-Arr_32
3892,MIT-Arr_32
4099,MIT-Arr_32
4302,MIT-Arr_32
4505,MIT-Arr_32
4702,MIT-Arr_32
4906,MIT-Arr_32
405,MIT-Arr_33
727,MIT-Arr_33
1016,MIT-Arr_33
1305,MIT-Arr_33
1592,MIT-Arr_33
1818,MIT-Arr_33
2197,MIT-Arr_33
2487,MIT-Arr_33
2851,MIT-Arr_33
3219,MIT-Arr_33
3542,MIT-Arr_33
3759,MIT-Arr_33
4094,MIT-Arr_33
4358,MIT-Arr_33
4812,MIT-Arr_33
222,MIT-Arr_34
467,MIT-Arr_34
675,MIT-Arr_34
895,MIT-Arr_34
1111,MIT-Arr_34
1325,MIT-Arr_34
1570,MIT-Arr_34
1780,MIT-Arr_34
2009,MIT-Arr_34
2238,MIT-Arr_34
2464,MIT-Arr_34
2689,MIT-Arr_34
2914,MIT-Arr_34
3143,MIT-Arr_34
3355,MIT-Arr_34
3583,MIT-Arr_34
3815,MIT-Arr_34
4056,MIT-Arr_34
4259,MIT-Arr_34
4524,MIT-Arr_34
4758,MIT-Arr_34
224,MIT-Arr_35
574,MIT-Arr_35
810,MIT-Arr_35
1066,MIT-Arr_35
1367,MIT-Arr_35
1608,MIT-Arr_35
1806,MIT-Arr_35
2068,MIT-Arr_35
2297,MIT-Arr_35
2585,MIT-Arr_35
2820,MIT-Arr_35
3006,MIT-Arr_35
3312,MIT-Arr_35
3533,MIT-Arr_35
3778,MIT-Arr_35
4000,MIT-Arr_35
4297,MIT-Arr_35
4532,MIT-Arr_35
4815,MIT-Arr_35
131,MIT-Arr_36
432,MIT-Arr_36
715,MIT-Arr_36
967,MIT-Arr_36
1271,MIT-Arr_36
1573,MIT-Arr_36
1799,MIT-Arr_36
2069,MIT-Arr_36
2307,MIT-Arr_36
2624,MIT-Arr_36
2880,MIT-Arr_36
3104,MIT-Arr_36
3385,MIT-Arr_36
3635,MIT-Arr_36
3958,MIT-Arr_36
4290,MIT-Arr_36
4650,MIT-Arr_36
270,MIT-Arr_37
592,MIT-Arr_37
923,MIT-Arr_37
1247,MIT-Arr_37
1569,MIT-Arr_37
1897,MIT-Arr_37
2223,MIT-Arr_37
2554,MIT-Arr_37
2872,MIT-Arr_37
3200,MIT-Arr_37
3529,MIT-Arr_37
3834,MIT-Arr_37
4155,MIT-Arr_37
4475,MIT-Arr_37
4792,MIT-Arr_37
439,MIT-Arr_38
780,MIT-Arr_38
1274,MIT-Arr_38
1905,MIT-Arr_38
2315,MIT-Arr_38
2785,MIT-Arr_38
3168,MIT-Arr_38
3589,MIT-Arr_38
3779,MIT-Arr_38
4249,MIT-Arr_38
4703,MIT-Arr_38
216,MIT-Arr_39
808,MIT-Arr_39
1389,MIT-Arr_39
1976,MIT-Arr_39
2567,MIT-Arr_39
3169,MIT-Arr_39
3777,MIT-Arr_39
4377,MIT-Arr_39
361,MIT-Arr_40
679,MIT-Arr_40
996,MIT-Arr_40
1303,MIT-Arr_40
1615,MIT-Arr_40
1932,MIT-Arr_40
2256,MIT-Arr_40
2602,MIT-Arr_40
2916,MIT-Arr_40
3231,MIT-Arr_40
3545,MIT-Arr_40
3850,MIT-Arr_40
4180,MIT-Arr_40
4499,MIT-Arr_40
4829,MIT-Arr_40
540,MIT-Arr_41
877,MIT-Arr_41
1056,MIT-Arr_41
1535,MIT-Arr_41
1725,MIT-Arr_41
2175,MIT-Arr_41
2355,MIT-Arr_41
2818,MIT-Arr_41
3130,MIT-Arr_41
3441,MIT-Arr_41
3766,MIT-Arr_41
4107,MIT-Arr_41
4288,MIT-Arr_41
4817,MIT-Arr_41
397,MIT-Arr_42
708,MIT-Arr_42
893,MIT-Arr_42
1071,MIT-Arr_42
1248,MIT-Arr_42
1427,MIT-Arr_42
1608,MIT-Arr_42
1799,MIT-Arr_42
1985,MIT-Arr_42
2190,MIT-Arr_42
2393,MIT-Arr_42
2609,MIT-Arr_42
2803,MIT-Arr_42
2994,MIT-Arr_42
3171,MIT-Arr_42
3353,MIT-Arr_42
3541,MIT-Arr_42
3745,MIT-Arr_42
3941,MIT-Arr_42
4150,MIT-Arr_42
4347,MIT-Arr_42
4553,MIT-Arr_42
4757,MIT-Arr_42
4961,MIT-Arr_42
168,MIT-Arr_43
435,MIT-Arr_43
695,MIT-Arr_43
956,MIT-Arr_43
1212,MIT-Arr_43
1465,MIT-Arr_43
1718,MIT-Arr_43
1969,MIT-Arr_43
2216,MIT-Arr_43
2486,MIT-Arr_43
2755,MIT-Arr_43
3015,MIT-Arr_43
3270,MIT-Arr_43
3520,MIT-Arr_43
3772,MIT-Arr_43
4027,MIT-Arr_43
4276,MIT-Arr_43
4531,MIT-Arr_43
4801,MIT-Arr_43
219,MIT-Arr_44
484,MIT-Arr_44
740,MIT-Arr_44
1010,MIT-Arr_44
1278,MIT-Arr_44
1544,MIT-Arr_44
1804,MIT-Arr_44
2071,MIT-Arr_44
2333,MIT-Arr_44
2602,MIT-Arr_44
2868,MIT-Arr_44
3133,MIT-Arr_44
3395,MIT-Arr_44
3666,MIT-Arr_44
3930,MIT-Arr_44
4187,MIT-Arr_44
4448,MIT-Arr_44
4710,MIT-Arr_44
4967,MIT-Arr_44
373,MIT-Arr_45
804,MIT-Arr_45
1230,MIT-Arr_45
1658,MIT-Arr_45
2073,MIT-Arr_45
2500,MIT-Arr_45
2902,MIT-Arr_45
3331,MIT-Arr_45
3746,MIT-Arr_45
4171,MIT-Arr_45
4600,MIT-Arr_45
172,MIT-Arr_46
447,MIT-Arr_46
725,MIT-Arr_46
988,MIT-Arr_46
1263,MIT-Arr_46
1543,MIT-Arr_46
1827,MIT-Arr_46
2112,MIT-Arr_46
2395,MIT-Arr_46
2678,MIT-Arr_46
2943,MIT-Arr_46
3215,MIT-Arr_46
3487,MIT-Arr_46
3771,MIT-Arr_46
4023,MIT-Arr_46
4285,MIT-Arr_46
4550,MIT-Arr_46
4815,MIT-Arr_46
239,MIT-Arr_47
484,MIT-Arr_47
743,MIT-Arr_47
971,MIT-Arr_47
1128,MIT-Arr_47
1488,MIT-Arr_47
1754,MIT-Arr_47
1897,MIT-Arr_47
2161,MIT-Arr_47
2395,MIT-Arr_47
2660,MIT-Arr_47
2935,MIT-Arr_47
3200,MIT-Arr_47
3433,MIT-Arr_47
3649,MIT-Arr_47
3962,MIT-Arr_47
4303,MIT-Arr_47
4485,MIT-Arr_47
4730,MIT-Arr_47
